City Name,Latitude,Longitude,Min Temp,Max Temp,Humidity,Cloudiness,Wind Speed,Country,Date
Lebu,-37.62,-73.65,51.57,51.57,72,61,11.32,CL,1596659003
Torgau,51.57,13.0,66.0,69.8,43,40,5.82,DE,1596659003
Algiers,36.75,3.04,77.0,77.0,65,0,13.87,DZ,1596658984
Oistins,13.07,-59.53,87.8,87.8,62,40,16.11,BB,1596659004
Vila Franca do Campo,37.72,-25.43,73.4,73.4,83,40,10.29,PT,1596658999
Cape Town,-33.93,18.42,44.6,51.01,75,20,4.7,ZA,1596659005
Dingle,11.0,122.67,77.23,77.23,88,100,3.27,PH,1596659005
Yellowknife,62.46,-114.35,66.0,68.0,64,75,14.99,CA,1596659005
Hobart,-42.88,147.33,44.01,46.4,70,75,19.46,AU,1596658781
East London,-33.02,27.91,59.79,59.79,77,100,4.99,ZA,1596659006
Itoman,26.12,127.67,80.01,82.4,83,75,4.7,JP,1596659006
Saint-Marc,19.11,-72.69,86.77,86.77,57,0,8.39,HT,1596659006
Norman Wells,65.28,-126.83,66.2,66.2,77,75,6.93,CA,1596659006
Rikitea,-23.12,-134.97,70.47,70.47,81,73,11.45,PF,1596658775
Ushuaia,-54.8,-68.3,41.0,41.0,65,75,31.09,AR,1596658727
Saskylakh,71.92,114.08,62.2,62.2,86,93,9.98,RU,1596659007
Mayskiy,47.69,40.1,78.8,78.8,44,0,13.42,RU,1596659008
Anadyr,64.75,177.48,48.0,48.2,81,40,6.71,RU,1596659008
Guozhen,34.37,107.36,78.39,78.39,75,86,2.95,CN,1596659008
Camocim,-2.9,-40.84,87.15,87.15,42,5,13.42,BR,1596659008
Busselton,-33.65,115.33,42.01,46.99,82,0,9.71,AU,1596659009
Nanortalik,60.14,-45.24,44.74,44.74,83,30,6.24,GL,1596659009
Mataura,-46.19,168.86,39.99,39.99,96,100,3.65,NZ,1596659010
Hermanus,-34.42,19.23,43.0,43.0,94,61,2.01,ZA,1596659010
Albany,42.6,-73.97,77.0,84.0,37,0,1.01,US,1596659010
Vardø,70.37,31.11,48.2,48.2,100,75,19.46,NO,1596659010
Butaritari,3.07,172.79,83.79,83.79,74,61,24.05,KI,1596659011
Chui,-33.7,-53.46,70.14,70.14,72,0,7.92,UY,1596659011
Mexico,15.06,120.72,80.6,82.4,78,40,4.7,PH,1596659011
Cidreira,-30.18,-50.21,63.14,63.14,72,0,8.19,BR,1596659012
Avarua,-21.21,-159.78,77.0,77.0,88,8,12.75,CK,1596659011
Along,28.17,94.77,77.2,77.2,74,95,1.32,IN,1596659012
Barra de Tecoanapa,16.52,-98.75,88.34,88.34,64,0,10.74,MX,1596659013
Salalah,17.02,54.09,80.6,80.6,83,40,10.29,OM,1596659013
Half Moon Bay,37.46,-122.43,60.01,64.99,77,90,11.41,US,1596659013
Lata,40.16,-8.33,64.99,78.01,41,0,5.01,PT,1596659014
Vanavara,60.34,102.28,57.94,57.94,84,100,4.18,RU,1596659014
Lengshuijiang,27.69,111.43,77.5,77.5,82,0,2.26,CN,1596659014
Altay,47.87,88.12,59.81,59.81,59,7,2.75,CN,1596659015
Aripuanã,-9.17,-60.63,97.34,97.34,23,0,3.56,BR,1596659015
Trélazé,47.45,-0.47,69.8,75.0,46,3,8.01,FR,1596659015
Wawa,9.9,4.42,74.71,74.71,89,100,5.06,NG,1596659016
Castro,-24.79,-50.01,67.44,67.44,57,0,2.86,BR,1596658869
George Town,5.41,100.34,80.6,84.2,94,20,4.7,MY,1596659016
Bluff,-46.6,168.33,39.99,39.99,96,100,7.09,NZ,1596658954
Eidsvåg,62.78,8.07,59.0,59.0,82,75,4.7,NO,1596659017
Laguna,38.42,-121.42,73.4,80.01,53,1,10.29,US,1596659017
New Norfolk,-42.78,147.06,39.0,44.01,76,82,3.0,AU,1596658998
Taft,31.75,54.21,93.2,93.2,16,20,9.17,IR,1596659018
Port Elizabeth,-33.92,25.57,53.6,53.6,100,90,10.29,ZA,1596659017
Rantepao,-2.97,119.9,65.46,65.46,89,50,1.66,ID,1596659018
Smithers,54.78,-127.17,57.2,57.2,93,90,4.7,CA,1596658979
Carnarvon,-24.87,113.63,53.6,53.6,76,0,8.05,AU,1596659019
Magugu,-4.02,35.77,66.81,66.81,60,4,3.49,TZ,1596659019
Puerto Ayora,-0.74,-90.35,71.01,77.0,61,20,21.92,EC,1596659020
Punta Arenas,-53.15,-70.92,39.0,39.2,74,100,12.75,CL,1596658785
Isangel,-19.55,169.27,68.43,68.43,68,1,4.45,VU,1596659020
Port Alfred,-33.59,26.89,57.22,57.22,89,100,12.53,ZA,1596659020
Kaitangata,-46.28,169.85,41.0,41.0,87,100,5.84,NZ,1596659021
Maple Creek,49.92,-109.48,84.34,84.34,21,0,4.79,CA,1596659021
Hualmay,-11.1,-77.61,65.97,65.97,67,8,10.25,PE,1596659021
Uyo,5.03,7.93,73.08,73.08,84,2,6.2,NG,1596659022
Yashalta,46.34,42.28,74.53,74.53,57,1,5.03,RU,1596659022
Ilulissat,69.22,-51.1,39.2,39.2,93,90,2.24,GL,1596659022
Arraial do Cabo,-22.97,-42.03,71.6,71.6,73,0,16.11,BR,1596659013
Tamsalu,59.16,26.12,54.43,54.43,92,58,3.67,EE,1596659023
Lavrentiya,65.58,-171.0,45.3,45.3,87,100,7.72,RU,1596659023
Narsaq,60.92,-46.05,55.4,55.4,62,20,9.17,GL,1596659023
Vuktyl,63.86,57.31,62.47,62.47,79,54,8.1,RU,1596659024
Celestún,20.87,-90.4,86.65,86.65,67,21,13.67,MX,1596659024
Leningradskiy,69.38,178.42,36.34,36.34,86,100,13.13,RU,1596659024
Kamenka,51.32,42.77,70.0,73.0,69,0,8.01,RU,1596659025
Ahipara,-35.17,173.17,56.46,56.46,92,100,7.83,NZ,1596659025
Vila Velha,-20.33,-40.29,71.6,73.99,78,40,4.7,BR,1596658942
Cayenne,4.93,-52.33,78.8,78.8,88,25,2.24,GF,1596659009
Marzuq,14.4,46.47,83.62,83.62,49,100,6.8,YE,1596659026
Longyearbyen,78.22,15.64,53.6,53.6,71,75,5.82,SJ,1596659026
Saint George,37.1,-113.58,96.8,100.99,8,1,5.82,US,1596659020
Nikolskoye,59.7,30.79,55.0,59.0,77,100,2.24,RU,1596659027
Sinnamary,5.38,-52.95,82.38,82.38,80,0,11.18,GF,1596659027
Yumen,40.28,97.2,70.43,70.43,49,22,4.74,CN,1596659027
Pisco,-13.7,-76.22,62.6,64.0,82,20,11.41,PE,1596659028
Hūn,29.13,15.95,93.9,93.9,13,0,12.8,LY,1596659028
Atambua,-9.11,124.89,66.76,66.76,88,5,3.04,ID,1596659028
Cabo San Lucas,22.89,-109.91,91.4,91.4,49,5,10.29,MX,1596658972
Nakusp,50.25,-117.8,84.0,84.0,39,68,1.99,CA,1596659029
Yeppoon,-23.13,150.73,57.2,57.2,93,90,3.36,AU,1596659029
Ancud,-41.87,-73.82,48.2,48.99,66,20,4.7,CL,1596659029
Vostok,46.49,135.88,58.66,58.66,100,100,2.77,RU,1596659030
Portland,45.52,-122.68,75.99,82.0,41,20,10.29,US,1596658741
Broken Hill,-31.95,141.43,44.6,44.6,39,90,12.75,AU,1596659030
Bela,25.93,81.98,84.2,84.2,79,97,9.98,IN,1596659030
Jamestown,42.1,-79.24,68.0,70.0,64,75,13.87,US,1596659031
Sārangarh,21.6,83.08,76.87,76.87,93,100,4.16,IN,1596659032
Akşehir,38.36,31.42,71.31,71.31,29,0,1.7,TR,1596659032
Makakilo City,21.35,-158.09,80.6,87.8,48,40,10.29,US,1596659033
Panjakent,39.5,67.61,75.2,75.2,50,0,2.24,TJ,1596659033
Kapaa,22.08,-159.32,81.0,82.4,69,75,14.99,US,1596659013
Marrakesh,31.63,-8.01,87.8,87.8,43,40,9.17,MA,1596659034
Fairbanks,64.84,-147.72,61.0,64.0,72,1,2.62,US,1596658965
Katsuura,35.13,140.3,73.0,78.01,92,5,7.27,JP,1596659034
Širvintos,55.05,24.95,59.0,60.8,77,94,1.12,LT,1596659034
Newtownards,54.59,-5.69,57.99,63.0,88,5,4.81,GB,1596659035
Hilo,19.73,-155.09,70.0,77.0,83,90,4.7,US,1596659035
Piopio,-38.47,175.02,45.0,45.0,97,100,1.01,NZ,1596659035
Talnakh,69.49,88.4,55.4,55.4,87,54,2.24,RU,1596659037
Tasiilaq,65.61,-37.64,44.6,44.6,81,99,3.36,GL,1596659037
Srednekolymsk,67.45,153.68,55.98,55.98,56,41,9.4,RU,1596659037
Havre-St-Pierre,50.23,-63.6,62.6,62.6,93,90,12.75,CA,1596659038
Vaini,-21.2,-175.2,68.0,68.0,82,20,3.36,TO,1596659013
Yerbogachën,61.28,108.01,58.44,58.44,76,23,6.46,RU,1596659038
Ponta do Sol,32.67,-17.1,66.0,73.4,73,75,8.05,PT,1596659039
Tiarei,-17.53,-149.33,80.01,80.6,69,75,3.36,PF,1596659039
Bonthe,7.53,-12.51,75.42,75.42,72,0,7.16,SL,1596659039
Flin Flon,54.77,-101.86,80.6,80.6,32,40,14.99,CA,1596659039
College,64.86,-147.8,61.0,64.0,72,40,2.66,US,1596659040
Honāvar,14.28,74.45,79.9,79.9,84,100,18.39,IN,1596659040
Stokmarknes,68.56,14.91,57.0,57.2,76,0,2.24,NO,1596659040
Sitka,57.05,-135.33,57.2,57.2,82,75,6.93,US,1596659040
Olds,51.78,-114.1,78.01,80.01,42,0,1.99,CA,1596659041
Paita,-5.09,-81.11,69.8,69.8,68,44,16.11,PE,1596659041
Faanui,-16.48,-151.75,78.46,78.46,81,33,15.66,PF,1596659041
Thompson,55.74,-97.86,84.2,84.2,32,75,10.29,CA,1596659042
Khorixas,-20.37,14.97,49.69,49.69,70,0,5.32,NA,1596659042
Qaanaaq,77.48,-69.36,37.94,37.94,70,4,0.4,GL,1596659042
Beringovskiy,63.05,179.32,47.57,47.57,75,100,12.84,RU,1596659043
Saint-Philippe,-21.36,55.77,53.01,62.6,67,45,6.93,RE,1596659043
Mahébourg,-20.41,57.7,68.0,68.0,68,75,12.75,MU,1596659043
Homer,59.64,-151.55,60.01,66.0,63,1,4.7,US,1596658883
Vanimo,-2.67,141.3,78.19,78.19,80,98,2.55,PG,1596659044
Buala,-8.14,159.59,80.53,80.53,84,69,9.13,SB,1596659044
Goldsboro,35.38,-77.99,86.0,88.0,62,20,4.7,US,1596658754
Shimoda,34.67,138.95,72.0,72.0,92,0,1.01,JP,1596659045
San Jose,37.34,-121.89,68.0,73.0,56,75,10.29,US,1596658915
Bubaque,11.28,-15.83,79.99,79.99,80,93,18.5,GW,1596659045
Tessalit,20.2,1.01,93.34,93.34,39,8,11.3,ML,1596659046
Zaraza,9.35,-65.32,83.97,83.97,80,61,1.12,VE,1596659046
Goderich,43.75,-81.72,66.0,69.01,63,0,9.1,CA,1596659002
Tuktoyaktuk,69.45,-133.04,48.2,48.2,81,90,5.82,CA,1596659047
Ribeira Grande,38.52,-28.7,75.2,75.2,57,40,11.41,PT,1596659047
Farafangana,-22.82,47.83,66.15,66.15,89,2,6.13,MG,1596659047
Huarmey,-10.07,-78.15,66.79,66.79,64,1,10.0,PE,1596659047
Sisimiut,66.94,-53.67,48.11,48.11,69,27,4.36,GL,1596659048
Lorengau,-2.02,147.27,79.65,79.65,86,100,12.71,PG,1596659048
Mormugao,15.4,73.8,80.51,80.51,85,100,25.23,IN,1596659048
Mehamn,71.04,27.85,48.2,48.2,93,90,6.93,NO,1596659049
Noumea,-22.28,166.46,59.0,66.99,87,75,2.24,NC,1596658855
Torbay,47.67,-52.73,61.0,72.0,68,20,10.29,CA,1596659049
Flinders,-34.58,150.86,43.0,45.0,63,0,1.01,AU,1596659050
São João da Barra,-21.64,-41.05,73.4,73.4,64,20,9.17,BR,1596659050
Shevchenkove,49.7,37.17,68.0,68.0,56,0,6.71,UA,1596659051
Omboué,-1.57,9.26,73.49,73.49,83,3,7.92,GA,1596659051
Kamen'-Rybolov,44.75,132.04,65.28,65.28,97,100,3.76,RU,1596659052
Kavieng,-2.57,150.8,82.83,82.83,79,86,16.13,PG,1596659052
Barrow,71.29,-156.79,44.6,44.6,81,90,10.29,US,1596659009
Constitución,-35.33,-72.42,54.91,54.91,67,82,14.43,CL,1596659053
The Valley,18.22,-63.06,82.4,82.4,69,40,12.75,AI,1596659053
Quryq,43.2,51.65,68.22,68.22,77,62,14.74,KZ,1596659053
Galle,6.04,80.22,79.18,79.18,86,100,10.47,LK,1596659054
Neiba,18.5,-71.42,91.4,91.4,59,20,11.41,DO,1596659054
Evanston,42.04,-87.69,73.0,75.99,44,75,10.29,US,1596659055
Port Shepstone,-30.74,30.45,63.99,63.99,78,90,20.71,ZA,1596659055
Oranjestad,12.52,-70.03,87.8,87.8,66,20,24.16,AW,1596659028
Maraã,-1.83,-65.37,88.93,88.93,56,69,1.23,BR,1596659055
Severo-Kuril'sk,50.68,156.12,51.51,51.51,90,100,12.86,RU,1596659056
Cabra,37.47,-4.44,88.0,88.0,32,0,5.95,ES,1596659056
Deloraine,-41.53,146.67,30.0,42.01,80,8,5.82,AU,1596659057
Lagoa,39.05,-27.98,70.45,70.45,73,95,12.3,PT,1596659057
Bredasdorp,-34.53,20.04,44.6,44.6,87,49,5.82,ZA,1596659057
Mogadishu,2.04,45.34,76.5,76.5,83,96,17.58,SO,1596659058
San Patricio,19.22,-104.7,91.4,91.4,70,20,11.41,MX,1596659058
Namatanai,-3.67,152.43,79.5,79.5,80,100,9.82,PG,1596659059
Plaster Rock,46.91,-67.39,80.6,84.2,45,20,12.75,CA,1596659059
Baykal'sk,51.51,104.15,55.81,55.81,87,100,1.21,RU,1596659059
Mayo,38.89,-76.51,82.4,87.01,61,20,8.05,US,1596659060
Stranda,62.31,6.94,59.0,61.0,91,100,7.74,NO,1596659060
Halifax,44.65,-63.57,70.0,82.0,70,27,3.0,CA,1596658810
Nioro,13.35,-15.75,76.17,76.17,92,100,8.61,GM,1596659060
Aljezur,37.32,-8.8,69.39,69.39,73,0,6.35,PT,1596659061
Batticaloa,7.71,81.69,80.87,80.87,68,100,7.61,LK,1596659061
Changji,44.02,87.32,77.0,77.0,44,100,6.71,CN,1596659061
Upernavik,72.79,-56.15,40.89,40.89,68,100,3.31,GL,1596659062
Hong Kong,22.29,114.16,78.01,80.01,88,100,11.01,HK,1596658790
Sibolga,1.74,98.78,78.12,78.12,72,100,3.27,ID,1596659062
Mandalgovi,45.76,106.27,69.21,69.21,37,0,11.21,MN,1596659062
Ostrovnoy,68.05,39.51,55.44,55.44,89,100,7.7,RU,1596658864
Avera,33.19,-82.53,89.6,93.2,52,40,3.51,US,1596659064
Cerrito,6.84,-72.69,80.6,80.6,65,40,6.93,CO,1596659064
Arlit,18.74,7.39,101.73,101.73,21,97,16.33,NE,1596659065
Yulara,-25.24,130.99,50.0,50.0,76,75,12.75,AU,1596659065
Kloulklubed,7.04,134.26,77.0,77.0,94,90,4.7,PW,1596659065
Lichinga,-13.31,35.24,62.01,62.6,59,0,2.24,MZ,1596659065
Regierungsbezirk Arnsberg,51.33,8.01,66.0,71.01,63,0,4.85,DE,1596659066
Tiksi,71.69,128.87,60.84,60.84,60,100,13.02,RU,1596659066
Bengkulu,-3.8,102.27,75.92,75.92,82,98,3.27,ID,1596659067
Port Blair,11.67,92.75,82.02,82.02,83,100,15.03,IN,1596658930
Samarai,-10.62,150.67,77.54,77.54,87,100,12.84,PG,1596659067
Voh,-20.97,164.7,62.31,62.31,81,0,2.89,NC,1596659068
Charlestown,-32.95,151.67,42.01,44.01,70,0,4.0,AU,1596659068
Kidal,18.44,1.41,89.69,89.69,45,6,6.33,ML,1596659068
Kayerkan,69.35,87.76,55.4,55.4,87,32,2.24,RU,1596659069
Harper,4.38,-7.72,73.02,73.02,75,66,8.5,LR,1596659069
Hambantota,6.12,81.12,79.3,79.3,83,96,13.15,LK,1596659069
Cockburn Town,21.46,-71.14,86.0,86.0,70,20,9.17,TC,1596659070
San Policarpo,12.18,125.51,83.1,83.1,80,100,11.86,PH,1596659070
Faya,18.39,42.45,66.2,68.0,88,20,8.05,SA,1596659070
Port Lincoln,-34.73,135.87,50.05,50.05,67,100,18.63,AU,1596659071
Kavaratti,10.57,72.64,82.89,82.89,80,90,30.27,IN,1596659071
Mar del Plata,-38.0,-57.56,62.01,66.2,82,90,10.29,AR,1596658834
Bournemouth,50.72,-1.88,63.0,64.99,88,75,12.75,GB,1596659072
Warora,20.23,79.0,79.65,79.65,81,100,12.46,IN,1596659072
Casper,42.87,-106.31,84.99,87.01,27,1,5.82,US,1596659022
Charters Towers,-20.1,146.27,59.76,59.76,95,90,8.79,AU,1596659073
Vao,-22.67,167.48,69.28,69.28,66,0,5.37,NC,1596659073
Price,39.6,-110.81,91.4,91.4,11,1,11.41,US,1596659073
Bethel,41.37,-73.41,82.4,86.0,48,20,9.17,US,1596658833
Żurrieq,35.83,14.47,75.2,78.01,69,0,11.41,MT,1596659074
Broome,42.25,-75.83,73.0,79.0,49,75,8.05,US,1596659074
Chokurdakh,70.63,147.92,55.54,55.54,54,13,5.46,RU,1596659075
Biga,40.23,27.24,77.0,77.0,69,0,18.34,TR,1596659075
Kamogawa,35.1,140.1,78.01,78.8,94,75,9.17,JP,1596659075
Beaver Falls,40.75,-80.32,75.2,81.0,44,40,3.36,US,1596659076
Berat,40.71,19.95,71.73,71.73,71,0,1.61,AL,1596659076
Requena,39.49,-1.1,75.99,75.99,70,0,8.63,ES,1596659076
Iwanai,42.97,140.51,71.65,71.65,90,100,2.39,JP,1596659076
Sambir,49.52,23.2,57.99,64.4,100,100,8.95,UA,1596659077
Itarema,-2.92,-39.92,81.21,81.21,62,8,16.35,BR,1596659077
Bitung,1.45,125.18,75.2,75.2,94,20,2.24,ID,1596659078
Pineville,31.32,-92.43,89.6,91.4,52,40,10.29,US,1596659078
Sal Rei,16.18,-22.92,80.6,80.6,78,75,11.41,CV,1596658882
Port Macquarie,-31.43,152.92,32.0,32.0,93,0,7.78,AU,1596659078
Middelburg,-25.78,29.46,48.43,48.43,48,0,7.99,ZA,1596659079
Kantang,7.41,99.52,77.65,77.65,86,100,1.63,TH,1596659079
Valentín Gómez Farías,28.22,-106.58,87.84,87.84,22,82,7.96,MX,1596659079
Santa Cruz de la Sierra,-17.8,-63.17,87.8,87.8,38,20,14.99,BO,1596658819
Saint Paul Harbor,57.79,-152.41,60.8,60.8,67,1,5.82,US,1596659037
Mindelo,16.89,-24.98,82.4,82.4,69,40,16.11,CV,1596659080
Batagay-Alyta,67.8,130.41,59.07,59.07,60,15,1.97,RU,1596659081
Merauke,-8.47,140.33,75.56,75.56,87,89,10.83,ID,1596659081
Bilma,18.69,12.92,99.52,99.52,22,10,8.37,NE,1596659081
Kyzyl-Suu,42.34,78.0,61.95,61.95,49,18,4.59,KG,1596659081
Nagato,34.38,131.2,73.99,78.8,94,40,2.24,JP,1596659082
Hirara,24.8,125.28,83.03,83.03,84,96,12.19,JP,1596659082
Khatanga,71.97,102.5,55.29,55.29,89,97,9.15,RU,1596659082
Reguengos de Monsaraz,38.43,-7.53,87.8,95.0,35,20,14.99,PT,1596659084
Esperance,-33.87,121.9,51.8,51.8,100,90,5.82,AU,1596659084
Kortkeros,61.81,51.58,59.0,59.0,100,62,2.24,RU,1596659085
Vilkaviškis,54.65,23.03,54.88,54.88,84,94,4.12,LT,1596659085
Tanta,30.79,31.0,70.65,70.65,89,0,6.17,EG,1596659085
Maniitsoq,65.42,-52.9,47.97,47.97,76,7,10.36,GL,1596659085
Baykit,61.67,96.37,60.6,60.6,74,97,4.34,RU,1596659086
Pangnirtung,66.15,-65.71,50.0,50.0,93,90,4.7,CA,1596659086
Diego de Almagro,-26.37,-70.05,80.58,80.58,17,0,10.94,CL,1596659086
Limbang,4.75,115.0,75.0,75.2,94,75,5.82,MY,1596659087
Nosy Varika,-20.58,48.53,65.64,65.64,88,10,6.85,MG,1596659087
Bambous Virieux,-20.34,57.76,66.0,68.0,68,75,12.75,MU,1596659087
Doba,8.65,16.85,72.28,72.28,82,100,3.67,TD,1596659088
Kaseda-shirakame,31.42,130.32,78.01,78.01,88,17,4.0,JP,1596659088
Airai,-8.93,125.41,53.62,53.62,100,18,0.47,TL,1596659088
Karratha,-20.74,116.85,62.22,62.22,50,0,15.82,AU,1596659089
Hithadhoo,-0.6,73.08,82.27,82.27,75,100,13.24,MV,1596659089
Atuona,-9.8,-139.03,78.6,78.6,71,4,16.67,PF,1596659089
Tomatlán,19.93,-105.25,92.43,92.43,55,0,10.16,MX,1596659089
Pevek,69.7,170.31,34.7,34.7,97,100,5.46,RU,1596659010
Beidao,34.57,105.89,74.08,74.08,78,100,2.89,CN,1596659090
Arona,28.1,-16.68,68.0,75.2,69,20,2.21,ES,1596659090
Derzhavīnsk,51.1,66.32,72.5,72.5,45,0,17.45,KZ,1596659090
Sawākin,19.11,37.33,91.24,91.24,52,100,21.77,SD,1596659091
Sorong,-0.88,131.25,78.87,78.87,84,100,5.26,ID,1596659091
Arkhangelsk,64.54,40.54,60.8,60.8,93,90,11.18,RU,1596659091
Staraya Poltavka,50.48,46.48,74.79,74.79,76,0,14.61,RU,1596659092
Tibiao,11.29,122.04,81.55,81.55,72,100,4.63,PH,1596659092
Venice,27.1,-82.45,89.01,91.0,70,1,10.29,US,1596659092
Iracoubo,5.48,-53.2,82.8,82.8,76,0,11.72,GF,1596659093
Fort Nelson,58.81,-122.7,71.6,71.6,43,75,4.7,CA,1596659093
Baruun-Urt,46.68,113.28,59.43,59.43,70,10,0.81,MN,1596659093
Pandhāna,21.7,76.22,80.24,80.24,84,100,4.72,IN,1596659094
Fort-Shevchenko,44.51,50.26,72.25,72.25,62,11,9.15,KZ,1596659094
Grand Gaube,-20.01,57.66,66.0,66.0,73,67,3.0,MU,1596659094
Talcahuano,-36.72,-73.12,55.4,55.4,62,40,10.29,CL,1596659033
Provideniya,64.38,-173.3,53.6,53.6,66,75,6.71,RU,1596659095
Dzaoudzi,-12.79,45.27,73.4,73.4,78,1,5.82,YT,1596659095
Pimenteiras,-6.25,-41.42,86.5,86.5,34,0,9.46,BR,1596659095
Tezu,27.92,96.17,78.84,78.84,80,27,4.5,IN,1596659096
Marawi,8.0,124.29,75.0,75.0,96,99,1.99,PH,1596659096
Jinji,23.23,110.83,76.62,76.62,94,100,2.91,CN,1596659096
Caravelas,-17.71,-39.25,71.49,71.49,72,1,10.31,BR,1596659096
Negara,-8.32,114.6,73.08,73.08,83,86,7.78,ID,1596659097
Korla,41.76,86.15,83.14,83.14,23,60,14.03,CN,1596659097
Oliveira,-20.7,-44.83,68.14,68.14,41,0,7.4,BR,1596659097
Verkhnyaya Toyma,62.23,45.0,65.12,65.12,77,100,7.49,RU,1596659098
Hornepayne,49.21,-84.77,55.58,55.58,80,100,4.65,CA,1596659098
Andros Town,24.7,-77.77,87.8,87.8,70,40,9.17,BS,1596659098
Touros,-5.2,-35.46,78.8,78.8,69,88,13.87,BR,1596659071
Laas,46.62,10.7,59.0,59.0,77,5,3.36,IT,1596659099
Alice Springs,-23.7,133.88,48.2,48.2,100,75,4.7,AU,1596659099
Boa Vista,2.82,-60.67,82.4,82.4,69,75,4.7,BR,1596659099
Athens,37.98,23.72,75.99,82.0,61,20,3.18,GR,1596659068
Plettenberg Bay,-34.05,23.37,52.39,52.39,69,83,7.02,ZA,1596659100
Ipixuna,-1.76,-48.8,89.6,89.6,46,11,9.17,BR,1596659100
Lander,42.83,-108.73,82.0,88.0,26,1,6.93,US,1596659101
High Prairie,55.43,-116.49,80.04,80.04,35,0,4.61,CA,1596659101
Aragarças,-15.9,-52.25,89.58,89.58,19,0,6.58,BR,1596659101
Hasaki,35.73,140.83,73.0,75.0,100,20,4.7,JP,1596659103
Ewo,-0.87,14.82,79.0,79.0,63,100,4.9,CG,1596659103
Mâncio Lima,-7.61,-72.9,91.4,91.4,43,75,3.36,BR,1596659104
Illapel,-31.63,-71.17,66.0,66.0,60,100,7.25,CL,1596659104
Valdivia,-39.81,-73.25,48.2,48.2,87,75,5.82,CL,1596659105
Codrington,-38.27,141.97,46.02,46.02,79,63,1.9,AU,1596659105
Kodīnar,20.79,70.7,81.37,81.37,88,100,15.37,IN,1596659105
Moramanga,-18.93,48.2,57.96,57.96,90,95,0.76,MG,1596659105
Alofi,-19.06,-169.92,77.0,77.0,94,75,6.93,NU,1596659106
Erenhot,43.65,111.98,73.62,73.62,45,0,12.93,CN,1596659106
Borger,52.92,6.79,66.99,71.01,65,0,6.44,NL,1596659106
Saint-Pierre,-21.34,55.48,53.01,62.6,67,58,6.93,RE,1596659107
Dikson,73.51,80.55,46.27,46.27,91,34,16.42,RU,1596659107
Mweka,-4.85,21.57,77.52,77.52,53,61,2.17,CD,1596659107
Richards Bay,-28.78,32.04,62.65,62.65,86,38,7.43,ZA,1596659107
Priargunsk,50.37,119.1,59.85,59.85,95,91,5.03,RU,1596659108
Port Hawkesbury,45.62,-61.35,68.0,73.4,83,40,5.82,CA,1596659108
Salta,-24.79,-65.41,86.0,86.0,25,0,3.36,AR,1596659108
Tuatapere,-46.13,167.68,39.99,39.99,96,100,5.82,NZ,1596659109
North Platte,41.12,-100.77,86.0,87.8,48,1,4.7,US,1596659109
Biltine,14.53,20.92,78.6,78.6,79,83,6.93,TD,1596659109
Steinkjer,64.19,11.39,60.8,61.0,77,75,5.82,NO,1596659109
Brae,60.4,-1.35,55.4,55.4,100,100,5.82,GB,1596659110
Zyryanka,65.75,150.85,57.43,57.43,51,88,6.87,RU,1596659110
Winnemucca,40.97,-117.74,93.2,93.2,13,1,5.82,US,1596659110
Snåase,64.25,12.38,60.8,60.8,77,75,5.82,NO,1596659111
Lompoc,34.64,-120.46,64.4,64.99,72,15,10.29,US,1596658966
Bairnsdale,-37.83,147.62,43.0,43.0,81,47,7.18,AU,1596659111
Kashgar,39.45,75.98,75.2,75.2,38,20,13.42,CN,1596659112
Sémbé,1.65,14.58,70.9,70.9,88,27,2.48,CG,1596659112
Kabare,-2.47,28.82,61.92,61.92,66,9,1.54,CD,1596659112
Te Anau,-45.42,167.72,44.06,44.06,91,100,2.57,NZ,1596659015
Amapá,1.0,-52.0,76.82,76.82,92,100,3.76,BR,1596659113
Valleyview,55.07,-117.29,78.8,78.8,42,34,7.18,CA,1596659033
Sabha,27.04,14.43,94.08,94.08,11,0,8.81,LY,1596659113
Atikokan,48.76,-91.62,79.75,79.75,30,3,6.53,CA,1596659114
Waingapu,-9.66,120.26,70.32,70.32,79,30,5.39,ID,1596659068
Orlik,52.52,99.83,50.41,50.41,81,100,1.77,RU,1596659114
Mareeba,-17.0,145.43,59.0,68.0,82,40,5.82,AU,1596659115
São Filipe,14.9,-24.5,77.81,77.81,82,16,6.58,CV,1596659115
Atherton,53.52,-2.49,66.99,66.99,82,81,1.01,GB,1596658908
Suntar,62.14,117.63,55.96,55.96,71,17,3.62,RU,1596659115
Terney,45.05,136.61,61.84,61.84,91,100,3.38,RU,1596659116
Aldan,58.6,125.39,50.18,50.18,75,66,2.82,RU,1596658925
Erzin,36.96,36.2,82.0,82.0,83,8,1.68,TR,1596659093
Verín,41.94,-7.44,79.0,79.0,10,28,3.0,ES,1596659116
Ometepec,16.68,-98.42,91.42,91.42,53,9,4.65,MX,1596659117
Salinas,36.68,-121.66,64.0,69.8,64,90,13.87,US,1596659117
Levice,48.22,18.61,69.01,70.0,81,60,1.01,SK,1596659117
Anloga,5.79,0.9,75.2,75.2,78,20,16.11,GH,1596659117
Griffith,41.53,-87.42,75.0,78.01,47,75,3.36,US,1596658851
Clyde River,70.47,-68.59,42.8,42.8,75,75,13.87,CA,1596659118
Skibbereen,51.55,-9.27,66.2,66.2,63,40,2.24,IE,1596659118
Cucutilla,7.54,-72.77,80.6,89.6,43,40,27.51,CO,1596659120
Mount Isa,-20.73,139.5,57.2,57.2,62,0,5.82,AU,1596659120
Blackfoot,43.19,-112.34,91.0,91.4,14,1,6.93,US,1596659120
Pauini,-7.71,-66.98,97.16,97.16,25,0,2.62,BR,1596659120
Kahului,20.89,-156.47,73.99,87.8,48,40,27.51,US,1596658915
Boende,-0.22,20.87,73.42,73.42,90,100,0.83,CD,1596659122
Abu Samrah,35.3,37.18,73.22,73.22,74,0,16.04,SY,1596659122
Najrān,17.49,44.13,87.8,87.8,31,40,16.11,SA,1596659071
Oyem,1.6,11.58,67.03,67.03,95,31,2.48,GA,1596659122
Borovoy,55.43,86.08,60.8,60.8,87,40,6.71,RU,1596659123
Adrar,20.5,-10.07,101.05,101.05,22,16,12.1,MR,1596659123
Jumla,29.27,82.18,64.53,64.53,65,95,0.94,NP,1596659123
Balabac,7.99,117.06,79.88,79.88,83,100,8.68,PH,1596659124
Zhezkazgan,47.8,67.71,79.9,79.9,31,18,11.5,KZ,1596659124
Zhigansk,66.77,123.37,61.0,61.0,58,64,4.94,RU,1596659124
Wittingen,52.73,10.74,64.0,68.0,49,20,3.36,DE,1596659124
Klaksvík,62.23,-6.59,51.8,51.8,100,73,14.99,FO,1596659125
Spornoye,50.84,37.29,66.2,66.2,59,0,6.71,RU,1596659125
Mattru,7.62,-11.83,71.83,71.83,80,2,4.25,SL,1596659125
Conselheiro Pena,-19.17,-41.47,73.62,73.62,50,1,8.43,BR,1596659125
Dunedin,-45.87,170.5,44.01,44.01,92,100,1.99,NZ,1596659049
Ketchikan,55.34,-131.65,60.8,60.8,77,75,8.05,US,1596659126
Antonovo,43.15,26.17,71.6,71.6,53,0,5.82,BG,1596659126
Tamandaré,-8.76,-35.1,75.45,75.45,76,90,13.38,BR,1596659127
Benemérito de las Américas,16.52,-90.64,94.6,94.6,43,100,4.23,MX,1596659127
Palana,59.12,159.97,50.0,50.0,81,6,7.83,RU,1596659128
Kualakapuas,-3.01,114.39,71.6,71.6,100,90,4.7,ID,1596659128
Monaghan,54.25,-6.97,62.6,64.0,82,40,5.82,IE,1596659128
Mahabalipuram,12.63,80.17,84.2,84.2,62,40,6.93,IN,1596659129
Byron Bay,-28.65,153.62,44.6,51.01,93,0,6.04,AU,1596658861
Gayny,60.31,54.32,55.29,55.29,76,3,2.42,RU,1596659129
Pochutla,15.74,-96.47,89.01,89.6,62,90,7.34,MX,1596659130
Mossamedes,-15.2,12.15,62.62,62.62,86,39,11.65,AO,1596659130
Aksu,41.12,80.26,81.19,81.19,27,84,9.46,CN,1596659130
Deputatsky,69.3,139.9,54.77,54.77,54,3,6.69,RU,1596659131
Kalmunai,7.42,81.82,79.81,79.81,72,83,10.78,LK,1596659131
Kiryat Gat,31.61,34.76,69.01,80.01,55,0,0.54,IL,1596659131
Strezhevoy,60.73,77.59,62.6,62.6,100,98,4.47,RU,1596659131
Cherskiy,68.75,161.3,42.93,42.93,92,100,6.78,RU,1596659132
Cologne,50.93,6.95,73.4,80.01,40,0,8.05,DE,1596658876
Senno,59.53,33.92,58.15,58.15,95,52,2.86,RU,1596659132
Santa Cruz de La Palma,28.68,-17.76,68.0,73.4,78,75,13.87,ES,1596658882
Meadow Lake,34.8,-106.54,84.99,93.0,17,75,9.17,US,1596659133
Saldanha,-33.01,17.94,42.8,42.8,75,0,4.7,ZA,1596659019
Rawson,-43.3,-65.1,59.13,59.13,34,86,30.8,AR,1596658904
Raduzhny,62.1,77.47,61.12,61.12,80,2,10.22,RU,1596659133
Krasnyy Klyuch,55.39,56.65,67.77,67.77,89,0,7.85,RU,1596659134
Wonthaggi,-38.6,145.59,41.0,46.99,72,86,10.76,AU,1596659134
Mackenzie,55.3,-123.17,71.6,71.6,53,1,11.41,CA,1596659134
Beyneu,45.32,55.2,75.76,75.76,41,62,6.89,KZ,1596659135
Hattiesburg,31.33,-89.29,88.0,91.4,41,1,8.05,US,1596659135
Senanga,-16.12,23.27,64.04,64.04,28,0,4.63,ZM,1596659136
Madimba,-10.4,40.33,69.8,69.8,88,20,5.82,TZ,1596659136
Middle Island,40.88,-72.94,82.0,87.01,51,20,12.75,US,1596659136
Kitsuki,33.42,131.62,69.01,73.99,88,0,2.48,JP,1596659137
Caconda,-13.73,15.07,56.32,56.32,44,0,4.9,AO,1596659137
Aklavik,68.22,-135.01,51.8,51.8,87,90,4.7,CA,1596659043
Tadine,-21.55,167.88,66.92,66.92,69,3,2.15,NC,1596659137
Hofn,64.25,-15.21,51.8,51.8,93,90,11.41,IS,1596659138
Lakes Entrance,-37.88,147.98,43.0,43.0,81,37,13.69,AU,1596659138
Lucknow,26.85,80.92,87.8,87.8,84,75,9.17,IN,1596659138
Akdağmadeni,39.66,35.88,55.45,55.45,76,0,3.94,TR,1596659138
Frontignan,43.45,3.75,69.01,71.6,60,0,2.24,FR,1596659139
Guasdualito,7.24,-70.73,86.0,86.0,62,20,3.36,VE,1596659139
Opunake,-39.46,173.86,43.0,46.0,85,100,8.01,NZ,1596659139
Kununurra,-15.77,128.73,75.2,75.2,83,100,6.93,AU,1596659097
Swan Hill,-35.34,143.55,33.64,33.64,93,49,2.66,AU,1596659140
Pierre,44.37,-100.35,82.4,82.99,48,1,9.17,US,1596659140
Trincomalee,8.57,81.23,82.85,82.85,71,100,21.41,LK,1596659091
Maxixe,-23.86,35.35,64.0,64.4,88,0,4.7,MZ,1596659141
Thaton,16.92,97.37,77.85,77.85,92,100,5.03,MM,1596659141
Taltal,-25.4,-70.48,64.0,64.0,60,22,5.91,CL,1596659141
Penzance,50.12,-5.54,62.6,64.0,100,100,10.29,GB,1596659142
Kjøpsvik,68.1,16.37,54.0,57.0,87,0,6.93,NO,1596659142
Sukhothai,17.25,99.67,76.77,76.77,94,100,4.99,TH,1596659142
Bom Jesus da Lapa,-13.26,-43.42,82.4,82.4,39,66,17.22,BR,1596659142
Bahía Blanca,-38.72,-62.27,61.99,61.99,60,0,11.61,AR,1596659143
Calamar,10.25,-74.91,91.4,91.4,66,40,10.29,CO,1596659143
Waddān,29.16,16.14,93.43,93.43,13,15,11.45,LY,1596659143
Baghdad,33.34,44.4,87.8,87.8,29,0,3.36,IQ,1596659132
Tāndā,26.55,82.65,84.2,84.2,81,99,12.48,IN,1596659144
Staryy Nadym,65.61,72.68,58.5,58.5,61,18,5.95,RU,1596659144
Roald,62.58,6.13,60.01,61.0,93,75,4.7,NO,1596659072
Buraidah,26.33,43.98,93.2,93.2,24,0,10.29,SA,1596659145
Łęczyca,52.06,19.2,57.0,64.0,90,69,4.59,PL,1596659145
Falam,22.92,93.68,62.8,62.8,100,78,0.76,MM,1596659145
Luganville,-15.53,167.17,69.8,69.8,94,20,7.36,VU,1596659146
Kupang,-10.17,123.58,73.08,73.08,78,46,5.93,ID,1596659146
Mabopane,-25.5,28.1,55.99,60.8,38,0,8.05,ZA,1596659146
Tibú,8.64,-72.74,96.04,96.04,40,4,5.41,CO,1596659146
Santa Isabel Rio Negro,-0.41,-65.02,83.59,83.59,78,26,3.38,BR,1596659147
Nouadhibou,20.93,-17.03,71.6,71.6,83,20,17.22,MR,1596659147
Yar-Sale,66.83,70.83,58.12,58.12,59,2,8.72,RU,1596659147
Margate,51.38,1.39,68.0,70.0,60,38,4.0,GB,1596659148
Auki,-8.77,160.7,77.9,77.9,87,100,4.12,SB,1596659148
Lubango,-14.92,13.49,55.49,55.49,60,0,1.7,AO,1596659149
Weligama,5.97,80.42,77.88,77.88,89,96,8.37,LK,1596659150
Bilibino,68.05,166.44,43.09,43.09,82,100,3.71,RU,1596659150
Bathsheba,13.22,-59.52,87.8,87.8,62,40,16.11,BB,1596659150
Pechenga,69.53,31.17,50.0,50.0,93,90,10.29,RU,1596659151
Greensburg,40.3,-79.54,77.0,81.0,54,20,11.41,US,1596658951
North Bend,43.41,-124.22,64.99,68.0,72,75,10.29,US,1596658851
Bereda,43.27,-7.54,64.99,70.0,89,0,5.99,ES,1596659151
Kruisfontein,-34.0,24.73,51.01,51.01,94,61,4.74,ZA,1596659152
Salé,34.04,-6.82,73.0,73.4,88,20,9.17,MA,1596659152
Pacific Grove,36.62,-121.92,64.0,69.8,60,90,8.05,US,1596658907
Saint-Joseph,-21.37,55.62,53.01,62.6,67,47,6.93,RE,1596659152
Kattivākkam,13.22,80.32,84.2,84.2,62,40,6.93,IN,1596659153
Matara,5.95,80.54,77.49,77.49,90,96,8.05,LK,1596659001
Amga,60.9,131.96,55.2,55.2,71,69,0.98,RU,1596659153
Sioux Lookout,50.1,-91.92,78.8,78.8,39,40,10.29,CA,1596659153
Khorinsk,52.17,109.77,58.12,58.12,89,57,6.69,RU,1596659154
Egvekinot,66.32,-179.17,39.52,39.52,82,96,5.75,RU,1596659154
San Juan,-31.54,-68.54,72.01,72.01,31,0,7.52,AR,1596658896
Quatre Cocos,-20.21,57.76,66.0,68.0,68,75,12.75,MU,1596659155
Kyra,49.58,111.98,57.36,57.36,87,96,1.07,RU,1596659155
Olafsvik,64.89,-23.71,50.2,50.2,90,100,14.09,IS,1596659155
Pontianak,-0.03,109.33,73.69,73.69,93,97,3.42,ID,1596659156
Ust-Tsilma,65.44,52.15,63.28,63.28,88,100,7.67,RU,1596659156
Piranshahr,36.7,45.14,67.37,67.37,51,4,7.65,IR,1596659022
San Vicente,-26.62,-54.13,74.03,74.03,49,0,2.68,AR,1596659157
Moengo,5.62,-54.4,84.31,84.31,73,57,5.21,SR,1596659157
Bud,39.45,-86.18,72.0,89.6,27,40,6.06,US,1596659093
Kaiyuan,23.7,103.3,67.91,67.91,87,50,2.1,CN,1596659157
Tanout,14.97,8.89,89.74,89.74,45,70,16.82,NE,1596659158
Bagdarin,54.43,113.6,55.62,55.62,92,100,0.94,RU,1596659158
Dalbandin,28.89,64.41,81.59,81.59,15,4,1.86,PK,1596659158
Guerrero Negro,27.98,-114.06,79.16,79.16,53,8,12.06,MX,1596659159
Anchorage,61.22,-149.9,62.01,66.2,52,1,5.82,US,1596659066
Tres Picos,15.87,-93.53,88.14,88.14,64,90,3.67,MX,1596659159
Kindu,-2.95,25.95,75.88,75.88,58,19,0.34,CD,1596659159
Vaitape,-16.52,-151.75,79.32,79.32,79,39,15.48,PF,1596659160
Blagoyevo,63.37,47.92,65.66,65.66,74,100,10.0,RU,1596659160
Scarborough,54.28,-0.4,66.99,68.0,75,50,5.01,GB,1596659025
Azuaga,38.27,-5.68,87.01,87.01,30,4,5.01,ES,1596659162
Gravdal,68.12,13.5,57.2,57.2,71,0,2.24,NO,1596659163
Isla Vista,34.41,-119.86,66.2,75.99,68,20,8.05,US,1596659163
Mount Gambier,-37.83,140.77,41.0,41.0,93,90,0.92,AU,1596659031
Wellington,-41.29,174.78,48.99,53.01,93,100,13.87,NZ,1596659101
Ténenkou,14.46,-4.92,76.62,76.62,83,91,5.91,ML,1596659164
Tarata,-17.62,-66.02,84.2,84.2,11,0,4.7,BO,1596659164
Nizwá,22.93,57.53,93.88,93.88,31,1,3.27,OM,1596659164
Sørland,67.67,12.69,57.2,57.2,71,0,2.24,NO,1596659165
Poum,-20.23,164.02,69.53,69.53,72,0,7.29,NC,1596659047
Saint-Augustin,51.23,-58.65,65.44,65.44,53,70,11.72,CA,1596659165
Iqaluit,63.75,-68.51,64.0,64.4,63,75,24.16,CA,1596659166
Predivinsk,57.07,93.44,54.09,54.09,91,96,1.25,RU,1596659166
Alta Floresta,-9.88,-56.09,95.0,95.0,24,20,9.17,BR,1596659166
Sola,-13.88,167.55,76.06,76.06,81,0,19.48,VU,1596659166
Manavālakurichi,8.13,77.3,82.4,82.4,83,40,8.05,IN,1596659167
Kinshasa,-4.32,15.32,73.4,75.2,78,40,3.36,CD,1596659026
Gazli,40.13,63.45,74.59,74.59,26,11,14.05,UZ,1596659167
Kavos,38.83,22.83,79.0,79.0,63,0,1.21,GR,1596659167
Cartagena,10.4,-75.51,91.4,91.4,66,40,10.29,CO,1596658871
Cururupu,-1.83,-44.87,83.48,83.48,63,24,3.67,BR,1596659168
Nemuro,43.32,145.57,64.94,64.94,97,78,2.21,JP,1596659168
Atyrau,47.12,51.88,64.4,64.4,82,17,8.95,KZ,1596659169
Huilong,31.81,121.66,84.0,84.0,87,100,9.06,CN,1596659169
La Ronge,55.1,-105.28,80.6,80.6,42,20,8.05,CA,1596659169
Arkhonskaya,43.11,44.51,60.01,62.6,77,5,5.23,RU,1596659170
Morehead,37.27,-87.18,78.01,79.0,50,90,4.7,US,1596659170
Naze,28.37,129.48,78.8,78.8,94,20,2.24,JP,1596659082
Vélez-Málaga,36.77,-4.1,78.01,80.01,67,0,1.14,ES,1596659171
Aktau,43.65,51.2,64.4,64.4,93,75,4.47,KZ,1596659171
Amahai,-3.33,128.92,79.0,79.0,95,69,2.66,ID,1596659171
Dudinka,69.41,86.18,55.4,55.4,87,0,2.24,RU,1596659171
Karīmganj,24.87,92.35,79.29,79.29,92,85,4.21,IN,1596659172
Ghātanji,20.13,78.32,77.86,77.86,86,100,12.01,IN,1596659172
Antofagasta,-23.65,-70.4,59.0,59.0,67,40,14.99,CL,1596658882
Saguday,16.54,121.56,74.59,74.59,86,88,1.97,PH,1596659172
Poplar Bluff,36.76,-90.39,77.0,78.8,50,40,5.82,US,1596659173
Abomsa,9.98,39.98,70.99,70.99,68,100,4.36,ET,1596659173
Camacha,33.08,-16.33,71.6,71.6,83,75,12.75,PT,1596659173
Kurtalan,37.93,41.7,71.6,71.6,56,0,4.7,TR,1596659174
Grand-Santi,4.25,-54.38,92.39,92.39,44,17,3.67,GF,1596659174
Lady Lake,28.92,-81.92,82.4,91.0,74,1,20.8,US,1596659174
Champerico,14.3,-91.92,87.8,87.8,66,40,6.93,GT,1596659175
Lüderitz,-26.65,15.16,55.4,55.4,54,4,19.46,NA,1596659175
Mabaruma,8.2,-59.78,85.42,85.42,69,60,5.77,GY,1596659175
Xining,36.62,101.77,62.83,62.83,75,88,2.3,CN,1596659176
Coquimbo,-29.95,-71.34,62.6,62.6,72,99,13.87,CL,1596659176
Green River,41.53,-109.47,86.0,86.0,9,1,3.36,US,1596659176
Bagan,54.1,77.66,64.42,64.42,72,0,5.91,RU,1596659176
Pitsunda,43.16,40.34,66.0,71.6,83,40,8.95,GE,1596659177
Grindavik,63.84,-22.43,48.2,48.2,93,75,16.11,IS,1596659177
Pudozh,61.81,36.53,58.73,58.73,97,31,5.01,RU,1596659177
Madoc,44.51,-77.47,71.01,75.0,70,2,5.99,CA,1596659177
Neryungri,56.67,124.65,50.13,50.13,71,90,1.05,RU,1596659045
Eyl,7.98,49.82,80.13,80.13,66,7,23.71,SO,1596659111
Tual,-5.67,132.75,77.77,77.77,87,94,11.68,ID,1596659178
Asău,46.43,26.4,62.01,62.01,83,0,2.01,RO,1596659178
Saint-Louis,16.33,-15.0,95.0,95.0,47,75,9.69,SN,1596659179
